Full_Ticker,Short_Ticker
EIX UN Equity,EIX
NWS UW Equity,NWS
VRSK UW Equity,VRSK
VIA UW Equity,VIA
DVMT UN Equity,DVMT
NTNX UW Equity,NTNX
NST UN Equity,NST
CMPR UW Equity,CMPR
AA UN Equity,AA
FDML UW Equity,FDML
NTAP UW Equity,NTAP
FE UN Equity,FE
AEE UN Equity,AEE
VZ UN Equity,VZ
FOX UW Equity,FOX
PFG UW Equity,PFG
MD UN Equity,MD
SIG UN Equity,SIG
AXP UN Equity,AXP
CVI UN Equity,CVI
AGNC UW Equity,AGNC
BA UN Equity,BA
SEB UA Equity,SEB
GTES UN Equity,GTES
1556464D UA Equity,1556464D
MDU UN Equity,MDU
EQC UN Equity,EQC
EPEGQ UN Equity,EPEGQ
RCL UN Equity,RCL
NXPI UW Equity,NXPI
MFE UN Equity,MFE
CAT UN Equity,CAT
DOW UN Equity,DOW
STU UN Equity,STU
JPM UN Equity,JPM
SWCH UN Equity,SWCH
CCO UN Equity,CCO
MCPIQ UN Equity,MCPIQ
CVX UN Equity,CVX
LII UN Equity,LII
RSPP UN Equity,RSPP
KO UN Equity,KO
DIS UN Equity,DIS
XOM UN Equity,XOM
1715651D UN Equity,1715651D
PSX UN Equity,PSX
GE UN Equity,GE
ROKU UW Equity,ROKU
IBM UN Equity,IBM
HPQ UN Equity,HPQ
DXCM UW Equity,DXCM
HD UN Equity,HD
JNJ UN Equity,JNJ
MMM UN Equity,MMM
MRK UN Equity,MRK
1469138D UN Equity,1469138D
NRZ UN Equity,NRZ
PFE UN Equity,PFE
BAC UN Equity,BAC
MCD UN Equity,MCD
LPLA UW Equity,LPLA
T UN Equity,T
PODD UW Equity,PODD
PG UN Equity,PG
FIO UN Equity,FIO
MSGN UW Equity,MSGN
MSFT UW Equity,MSFT
BKU UN Equity,BKU
AIG UN Equity,AIG
TKR UN Equity,TKR
MO UN Equity,MO
CSCO UW Equity,CSCO
RTX UN Equity,RTX
WLK UN Equity,WLK
WMT UN Equity,WMT
ABT UN Equity,ABT
9999966D UN Equity,9999966D
APD UN Equity,APD
INTC UW Equity,INTC
CIEIQ UN Equity,CIEIQ
KING UN Equity,KING
TRV UN Equity,TRV
CHE UN Equity,CHE
HON UN Equity,HON
AEP UN Equity,AEP
MTLQQ UN Equity,MTLQQ
OA UN Equity,OA
CCK UN Equity,CCK
LEA UN Equity,LEA
HES UN Equity,HES
GRA UN Equity,GRA
IP UN Equity,IP
ATO UN Equity,ATO
CW UN Equity,CW
MDLZ UN Equity,MDLZ
C UN Equity,C
ADM UN Equity,ADM
ANN UN Equity,ANN
BOH UN Equity,BOH
P UN Equity,P
ADP UW Equity,ADP
1709056D UN Equity,1709056D
PAYC UN Equity,PAYC
BRE UN Equity,BRE
HPP UN Equity,HPP
CBT UN Equity,CBT
KEYS UN Equity,KEYS
DDOG UW Equity,DDOG
EKDKQ UN Equity,EKDKQ
CSL UN Equity,CSL
GGG UN Equity,GGG
BAX UN Equity,BAX
AMD UN Equity,AMD
HE UN Equity,HE
1330361D UN Equity,1330361D
BRK/B UN Equity,BRK/B
PGRE UN Equity,PGRE
IPHI UN Equity,IPHI
AFL UN Equity,AFL
ENH UN Equity,ENH
HUBB UN Equity,HUBB
NNI UN Equity,NNI
IDA UN Equity,IDA
ARG UN Equity,ARG
IT UN Equity,IT
1284849D UN Equity,1284849D
LEXEA UW Equity,LEXEA
BSX UN Equity,BSX
RNG UN Equity,RNG
1752754D UN Equity,1752754D
IEX UN Equity,IEX
CHTR UW Equity,CHTR
BF/B UN Equity,BF/B
CPB UN Equity,CPB
GNRC UN Equity,GNRC
LUMN UN Equity,LUMN
CMC UN Equity,CMC
CMS UN Equity,CMS
APC UN Equity,APC
NFG UN Equity,NFG
DCI UN Equity,DCI
DBD UN Equity,DBD
ADI UN Equity,ADI
APA UN Equity,APA
CL UN Equity,CL
BAH UN Equity,BAH
OGE UN Equity,OGE
AZO UN Equity,AZO
CAG UN Equity,CAG
AVY UN Equity,AVY
GAS UN Equity,GAS
SCI UN Equity,SCI
AVP UN Equity,AVP
ZG UW Equity,ZG
CLX UN Equity,CLX
BEC UN Equity,BEC
JAH UN Equity,JAH
BHI UN Equity,BHI
VC UW Equity,VC
AFG UN Equity,AFG
BLL UN Equity,BLL
AM UN Equity,AM
ROL UN Equity,ROL
BLI UW Equity,BLI
ALNY UW Equity,ALNY
DOV UN Equity,DOV
CEG UN Equity,CEG
BK UN Equity,BK
ARD UN Equity,ARD
GATX UN Equity,GATX
CSE UN Equity,CSE
BCR UN Equity,BCR
DUK UN Equity,DUK
TPX UN Equity,TPX
PKI UN Equity,PKI
ITC UN Equity,ITC
CSRA UN Equity,CSRA
EMR UN Equity,EMR
ED UN Equity,ED
EOG UN Equity,EOG
BDX UN Equity,BDX
EFX UN Equity,EFX
BMS UN Equity,BMS
THO UN Equity,THO
KSU UN Equity,KSU
RAD UN Equity,RAD
EQT UN Equity,EQT
RJF UN Equity,RJF
BHF UW Equity,BHF
HRB UN Equity,HRB
CTVA UN Equity,CTVA
BBY UN Equity,BBY
FDX UN Equity,FDX
BMY UN Equity,BMY
M UN Equity,M
F UN Equity,F
COG UN Equity,COG
OASPQ UN Equity,OASPQ
MDLZ UW Equity,MDLZ
IRF UN Equity,IRF
ALR UA Equity,ALR
PYPL UW Equity,PYPL
FCX UN Equity,FCX
PRI UN Equity,PRI
INT UN Equity,INT
PBF UN Equity,PBF
ETR UN Equity,ETR
HUBS UN Equity,HUBS
GXP UN Equity,GXP
GD UN Equity,GD
CCL UN Equity,CCL
MRD UW Equity,MRD
WRI UN Equity,WRI
HGV UN Equity,HGV
WST UN Equity,WST
MDC UN Equity,MDC
GPC UN Equity,GPC
FTRCQ UW Equity,FTRCQ
VREX UW Equity,VREX
HAL UN Equity,HAL
PK UN Equity,PK
AL UN Equity,AL
LHX UN Equity,LHX
HAE UN Equity,HAE
CCEP UN Equity,CCEP
GDOT UN Equity,GDOT
SON UN Equity,SON
AVX UN Equity,AVX
HP UN Equity,HP
UGI UN Equity,UGI
CLF UN Equity,CLF
KMT UN Equity,KMT
TRI UN Equity,TRI
HSY UN Equity,HSY
CMA UN Equity,CMA
FMD UN Equity,FMD
HRL UN Equity,HRL
CNP UN Equity,CNP
IPG UN Equity,IPG
GLW UN Equity,GLW
IFF UN Equity,IFF
CBE UN Equity,CBE
NLSN UN Equity,NLSN
BYND UW Equity,BYND
AVNS UN Equity,AVNS
CA UW Equity,CA
K UN Equity,K
D UN Equity,D
DHR UN Equity,DHR
BKS UN Equity,BKS
KMB UN Equity,KMB
KR UN Equity,KR
1697067D UN Equity,1697067D
EDMCQ UW Equity,EDMCQ
BIO UN Equity,BIO
CSC UN Equity,CSC
KRO UN Equity,KRO
LEG UN Equity,LEG
ECL UN Equity,ECL
LB UN Equity,LB
ETN UN Equity,ETN
WP UN Equity,WP
WRB UN Equity,WRB
KNX UN Equity,KNX
VOYA UN Equity,VOYA
EP UN Equity,EP
PVH UN Equity,PVH
MMC UN Equity,MMC
EMC UN Equity,EMC
WBC UN Equity,WBC
BIG UN Equity,BIG
CMI UN Equity,CMI
CASY UW Equity,CASY
9876566D UN Equity,9876566D
COR UN Equity,COR
MAT UW Equity,MAT
OSGIQ UN Equity,OSGIQ
WLTW UW Equity,WLTW
PLNT UN Equity,PLNT
CSX UN Equity,CSX
DE UN Equity,DE
DNKN UW Equity,DNKN
SPGI UN Equity,SPGI
1831877D UN Equity,1831877D
TGT UN Equity,TGT
CHUBK UQ Equity,CHUBK
MDT UN Equity,MDT
CVS UN Equity,CVS
CHUBA UQ Equity,CHUBA
MU UW Equity,MU
OLN UN Equity,OLN
UNTCQ UN Equity,UNTCQ
CGNX UW Equity,CGNX
NEE UN Equity,NEE
MYL UW Equity,MYL
WBA UW Equity,WBA
CLH UN Equity,CLH
LM UN Equity,LM
TGNA UN Equity,TGNA
NEM UN Equity,NEM
CAA UN Equity,CAA
NI UN Equity,NI
CDK UW Equity,CDK
NUE UN Equity,NUE
LNC UN Equity,LNC
FMC UN Equity,FMC
GR UN Equity,GR
RRD UW Equity,RRD
WEN UW Equity,WEN
PCG UN Equity,PCG
GRUB UN Equity,GRUB
PH UN Equity,PH
BEN UN Equity,BEN
HNZ UN Equity,HNZ
AMH UN Equity,AMH
FNB UN Equity,FNB
TTC UN Equity,TTC
PNW UN Equity,PNW
FL UN Equity,FL
GIS UN Equity,GIS
FDO UN Equity,FDO
FICO UN Equity,FICO
PPG UN Equity,PPG
HPE UN Equity,HPE
PGR UN Equity,PGR
LECO UW Equity,LECO
PEG UN Equity,PEG
HUM UN Equity,HUM
4107485Q UN Equity,4107485Q
R UN Equity,R
SLB UN Equity,SLB
GWW UN Equity,GWW
J UN Equity,J
SHW UN Equity,SHW
SJM UN Equity,SJM
HOG UN Equity,HOG
BEAV UW Equity,BEAV
SO UN Equity,SO
ES UN Equity,ES
KIM UN Equity,KIM
GPS UN Equity,GPS
SWK UN Equity,SWK
KSS UN Equity,KSS
ICUI UW Equity,ICUI
PSA UN Equity,PSA
OXY UN Equity,OXY
LEN UN Equity,LEN
GT UW Equity,GT
OMC UN Equity,OMC
LLY UN Equity,LLY
IDXX UW Equity,IDXX
0966576D UN Equity,0966576D
TXN UW Equity,TXN
LOW UN Equity,LOW
TMO UN Equity,TMO
SEPR UW Equity,SEPR
1436513D UN Equity,1436513D
GT UN Equity,GT
TIF UN Equity,TIF
HST UN Equity,HST
TJX UN Equity,TJX
ITW UN Equity,ITW
MAS UN Equity,MAS
KEX UN Equity,KEX
UNH UN Equity,UNH
MSI UN Equity,MSI
HAR UN Equity,HAR
PEAK UN Equity,PEAK
ERIE UW Equity,ERIE
BARE UW Equity,BARE
VAR UN Equity,VAR
MUR UN Equity,MUR
ABII UW Equity,ABII
VFC UN Equity,VFC
THC UN Equity,THC
VNO UN Equity,VNO
NWL UN Equity,NWL
GNCIQ UN Equity,GNCIQ
VMC UN Equity,VMC
HTV UN Equity,HTV
GHC UN Equity,GHC
WY UN Equity,WY
NKE UN Equity,NKE
1260972D UW Equity,1260972D
PNRA UW Equity,PNRA
WHR UN Equity,WHR
HOT UN Equity,HOT
WMB UN Equity,WMB
NBL UN Equity,NBL
WEC UN Equity,WEC
NSC UN Equity,NSC
AES UN Equity,AES
ATH UN Equity,ATH
TT UN Equity,TT
DPZ UN Equity,DPZ
NOC UN Equity,NOC
MCY UN Equity,MCY
8230905Q UN Equity,8230905Q
ADSK UW Equity,ADSK
CXG UN Equity,CXG
TKTM UW Equity,TKTM
JOY UN Equity,JOY
CMCSA UW Equity,CMCSA
9876544D UN Equity,9876544D
VC UN Equity,VC
TAP UN Equity,TAP
HNI UN Equity,HNI
PKG UN Equity,PKG
TXT UN Equity,TXT
MKC UN Equity,MKC
NDSN UW Equity,NDSN
PPL UN Equity,PPL
JWN UN Equity,JWN
CPPRQ UN Equity,CPPRQ
XPO UN Equity,XPO
BF/A UN Equity,BF/A
PEP UN Equity,PEP
PCAR UW Equity,PCAR
EXC UN Equity,EXC
COST UW Equity,COST
WORK UN Equity,WORK
PHM UN Equity,PHM
JEF UN Equity,JEF
LEN/B UN Equity,LEN/B
MRO UN Equity,MRO
XOGAQ UW Equity,XOGAQ
SYK UN Equity,SYK
PCL UN Equity,PCL
TSN UN Equity,TSN
L UN Equity,L
CUZ UN Equity,CUZ
VTR UN Equity,VTR
PX UN Equity,PX
WFC UN Equity,WFC
NCLH UN Equity,NCLH
CNA UN Equity,CNA
LH UN Equity,LH
SPNX UN Equity,SPNX
1431816D UN Equity,1431816D
NEU UN Equity,NEU
PCP UN Equity,PCP
CINF UW Equity,CINF
CMD UN Equity,CMD
RTN UN Equity,RTN
TCBI UW Equity,TCBI
FULT UW Equity,FULT
CDNS UW Equity,CDNS
DD UN Equity,DD
RHI UN Equity,RHI
OKE UN Equity,OKE
PACW UW Equity,PACW
ELS UN Equity,ELS
RDC UN Equity,RDC
FRC UN Equity,FRC
FLS UN Equity,FLS
SWY UN Equity,SWY
9990408D UN Equity,9990408D
EXPD UW Equity,EXPD
HSH UN Equity,HSH
FAST UW Equity,FAST
SCG UN Equity,SCG
OFC UN Equity,OFC
GNTX UW Equity,GNTX
ATVI UW Equity,ATVI
CNW UN Equity,CNW
CRK UN Equity,CRK
JKHY UW Equity,JKHY
FHB UW Equity,FHB
CIEN UN Equity,CIEN
GILD UW Equity,GILD
1498499D UN Equity,1498499D
SMG UN Equity,SMG
RGLD UW Equity,RGLD
SNA UN Equity,SNA
TFCFA UW Equity,TFCFA
SNPS UW Equity,SNPS
RRC UN Equity,RRC
TFC UN Equity,TFC
SFM UW Equity,SFM
0848680D UN Equity,0848680D
RS UN Equity,RS
PAYX UW Equity,PAYX
1086832D UN Equity,1086832D
SIVB UW Equity,SIVB
SVU UN Equity,SVU
ANSS UW Equity,ANSS
SYY UN Equity,SYY
FDS UN Equity,FDS
1500785D UN Equity,1500785D
ROP UN Equity,ROP
PII UN Equity,PII
ITG UN Equity,ITG
AN UN Equity,AN
BCO UN Equity,BCO
TTWO UW Equity,TTWO
TWLO UN Equity,TWLO
JCI UN Equity,JCI
PBI UN Equity,PBI
MKTX UW Equity,MKTX
JLL UN Equity,JLL
X UN Equity,X
PNC UN Equity,PNC
SBAC UW Equity,SBAC
COP UN Equity,COP
ASNAQ UW Equity,ASNAQ
WM UN Equity,WM
SCHW UN Equity,SCHW
ON UW Equity,ON
TREE UW Equity,TREE
STZ UN Equity,STZ
WBA UN Equity,WBA
CPGX UN Equity,CPGX
TFX UN Equity,TFX
CRL UN Equity,CRL
CTCM UQ Equity,CTCM
WDC UN Equity,WDC
XRAY UW Equity,XRAY
FISV UW Equity,FISV
FND UN Equity,FND
BWXT UN Equity,BWXT
RPM UN Equity,RPM
TRMB UW Equity,TRMB
CAKE UW Equity,CAKE
OPK UW Equity,OPK
INTU UW Equity,INTU
TEG UN Equity,TEG
BG UN Equity,BG
JBL UN Equity,JBL
FLIR UW Equity,FLIR
EQR UN Equity,EQR
AAPL UW Equity,AAPL
BWA UN Equity,BWA
DCT UW Equity,DCT
WBS UN Equity,WBS
CTAS UW Equity,CTAS
UNM UN Equity,UNM
SPG UN Equity,SPG
CDAY UN Equity,CDAY
LUV UN Equity,LUV
AVB UN Equity,AVB
SWN UN Equity,SWN
UPS UN Equity,UPS
GL UN Equity,GL
MSGS UN Equity,MSGS
IAA UN Equity,IAA
MOLX UW Equity,MOLX
AIV UN Equity,AIV
9745633D UN Equity,9745633D
ZBRA UW Equity,ZBRA
UNP UN Equity,UNP
ORCL UW Equity,ORCL
IDTI UW Equity,IDTI
LMT UN Equity,LMT
BXS UN Equity,BXS
STI UN Equity,STI
PEP UW Equity,PEP
NWSA UW Equity,NWSA
GWRE UN Equity,GWRE
SIAL UW Equity,SIAL
CFL UN Equity,CFL
TCO UN Equity,TCO
STJ UN Equity,STJ
RSE UN Equity,RSE
APAM UN Equity,APAM
DLTR UW Equity,DLTR
TER UN Equity,TER
CFR UN Equity,CFR
ANDV UN Equity,ANDV
HIG UN Equity,HIG
CRUS UW Equity,CRUS
WNR UN Equity,WNR
IRM UN Equity,IRM
MRNA UW Equity,MRNA
AMAT UW Equity,AMAT
LYV UN Equity,LYV
AMGN UW Equity,AMGN
SRCL UW Equity,SRCL
CERN UW Equity,CERN
ITRI UW Equity,ITRI
NOV UN Equity,NOV
TSS UN Equity,TSS
AMT UN Equity,AMT
SKS UN Equity,SKS
3610748Q UN Equity,3610748Q
BXP UN Equity,BXP
CVC UN Equity,CVC
APH UN Equity,APH
CVH UN Equity,CVH
CVET UW Equity,CVET
DHI UN Equity,DHI
ATHL UN Equity,ATHL
COO UN Equity,COO
CHRW UW Equity,CHRW
KMPR UN Equity,KMPR
EA UW Equity,EA
ACN UN Equity,ACN
AGCO UN Equity,AGCO
MAA UN Equity,MAA
VMI UN Equity,VMI
PWR UN Equity,PWR
GLPI UW Equity,GLPI
AMLN UW Equity,AMLN
TRA UN Equity,TRA
ESINQ UN Equity,ESINQ
NVDA UW Equity,NVDA
SPXC UN Equity,SPXC
WBT UN Equity,WBT
RMD UN Equity,RMD
URBN UW Equity,URBN
CRWD UW Equity,CRWD
MDVN UW Equity,MDVN
SEE UN Equity,SEE
1812344D US Equity,1812344D
1858968D UN Equity,1858968D
MCRS UW Equity,MCRS
ALB UN Equity,ALB
EMN UN Equity,EMN
IMS UN Equity,IMS
ISRG UW Equity,ISRG
JW/A UN Equity,JW/A
NNN UN Equity,NNN
BMRN UW Equity,BMRN
PDLI UW Equity,PDLI
9749933D UN Equity,9749933D
RSG UN Equity,RSG
HBAN UW Equity,HBAN
CAH UN Equity,CAH
HIW UN Equity,HIW
CBSH UW Equity,CBSH
ADBE UW Equity,ADBE
GOOGL UW Equity,GOOGL
ESS UN Equity,ESS
WSO UN Equity,WSO
SFD UN Equity,SFD
INCY UW Equity,INCY
NFLX UW Equity,NFLX
USG UN Equity,USG
EAT UN Equity,EAT
CME UW Equity,CME
PM UN Equity,PM
NBR UN Equity,NBR
PRA UN Equity,PRA
SLGN UW Equity,SLGN
NUAN UW Equity,NUAN
PTEN UW Equity,PTEN
FLR UN Equity,FLR
NTRS UW Equity,NTRS
MFA UN Equity,MFA
KLAC UW Equity,KLAC
NATI UW Equity,NATI
PL UN Equity,PL
ESRX UW Equity,ESRX
IART UW Equity,IART
UNVR UN Equity,UNVR
HSIC UW Equity,HSIC
ZBH UN Equity,ZBH
CNO UN Equity,CNO
NXST UW Equity,NXST
1684442D UN Equity,1684442D
CBRE UN Equity,CBRE
1683997D UW Equity,1683997D
LSI UN Equity,LSI
QCOM UW Equity,QCOM
PRGO UW Equity,PRGO
POOL UW Equity,POOL
CACI UN Equity,CACI
ROST UW Equity,ROST
CMG UN Equity,CMG
TYL UN Equity,TYL
SBUX UW Equity,SBUX
WYNN UW Equity,WYNN
RBC UN Equity,RBC
SPLS UW Equity,SPLS
NKTR UW Equity,NKTR
UHS UN Equity,UHS
STT UN Equity,STT
DISCA UW Equity,DISCA
SUG UN Equity,SUG
1541931D UW Equity,1541931D
Y UN Equity,Y
USB UN Equity,USB
FSLR UW Equity,FSLR
SWKS UW Equity,SWKS
TROW UW Equity,TROW
MASI UW Equity,MASI
AGN UN Equity,AGN
KOS UN Equity,KOS
TSCO UW Equity,TSCO
WFM UW Equity,WFM
BIIB UW Equity,BIIB
XYL UN Equity,XYL
SUI UN Equity,SUI
CHD UN Equity,CHD
TECH UW Equity,TECH
FRT UN Equity,FRT
NVT UN Equity,NVT
REXR UN Equity,REXR
XLNX UW Equity,XLNX
LLTC UW Equity,LLTC
NVR UN Equity,NVR
FITB UW Equity,FITB
TWX UN Equity,TWX
CRS UN Equity,CRS
TWOU UW Equity,TWOU
ATR UN Equity,ATR
HFC UN Equity,HFC
AXTA UN Equity,AXTA
BBBY UW Equity,BBBY
ODFL UW Equity,ODFL
UMPQ UW Equity,UMPQ
ZION UW Equity,ZION
NEBLQ UN Equity,NEBLQ
JOE UN Equity,JOE
NWL UW Equity,NWL
FHN UN Equity,FHN
SGMS UW Equity,SGMS
CELG UW Equity,CELG
ATGE UN Equity,ATGE
CIM UN Equity,CIM
CTSH UW Equity,CTSH
OZK UW Equity,OZK
HAS UW Equity,HAS
WWD UW Equity,WWD
TTI UN Equity,TTI
QGEN UN Equity,QGEN
REGN UW Equity,REGN
ABMD UW Equity,ABMD
CB UN Equity,CB
BMC UW Equity,BMC
MKSI UW Equity,MKSI
EXP UN Equity,EXP
FRO UN Equity,FRO
INGR UN Equity,INGR
0991739D UW Equity,0991739D
ALKS UW Equity,ALKS
FIT UN Equity,FIT
ACA UN Equity,ACA
STWD UN Equity,STWD
1731877D UN Equity,1731877D
TWO UN Equity,TWO
PBCT UW Equity,PBCT
1541946D UN Equity,1541946D
MTB UN Equity,MTB
SKX UN Equity,SKX
A UN Equity,A
PE UN Equity,PE
ORLY UW Equity,ORLY
EWBC UW Equity,EWBC
VMED UW Equity,VMED
CY UW Equity,CY
CPA UN Equity,CPA
NFX UN Equity,NFX
MAC UN Equity,MAC
KBR UN Equity,KBR
VLY UN Equity,VLY
NYCB UN Equity,NYCB
MLM UN Equity,MLM
SCCO UN Equity,SCCO
WAFD UW Equity,WAFD
CPRI UN Equity,CPRI
SHAW UN Equity,SHAW
UTHR UW Equity,UTHR
MSA UN Equity,MSA
ACGL UW Equity,ACGL
TDY UN Equity,TDY
WAB UN Equity,WAB
KEY UN Equity,KEY
LZ UN Equity,LZ
RE UN Equity,RE
AMG UN Equity,AMG
BYI UN Equity,BYI
KHC UW Equity,KHC
APOL UW Equity,APOL
FB UW Equity,FB
PPC UW Equity,PPC
WAT UN Equity,WAT
PNFP UW Equity,PNFP
SCHN UW Equity,SCHN
SABR UW Equity,SABR
FIS UN Equity,FIS
CYN UN Equity,CYN
SNX UN Equity,SNX
0945329D UW Equity,0945329D
ORA UN Equity,ORA
CCI UN Equity,CCI
DRI UN Equity,DRI
AYI UN Equity,AYI
SM UN Equity,SM
WLTGQ UN Equity,WLTGQ
ILMN UW Equity,ILMN
NRG UN Equity,NRG
SNDK UW Equity,SNDK
DLB UN Equity,DLB
RYL UN Equity,RYL
ICPT UW Equity,ICPT
BURL UN Equity,BURL
CF UN Equity,CF
DOFSQ UN Equity,DOFSQ
GRMN UW Equity,GRMN
NWA UN Equity,NWA
1280712D UW Equity,1280712D
XEC UN Equity,XEC
IVZ UN Equity,IVZ
MDB UQ Equity,MDB
LXK UN Equity,LXK
AXS UN Equity,AXS
NIHDQ UW Equity,NIHDQ
FLT UN Equity,FLT
HNT UN Equity,HNT
INFA UW Equity,INFA
WELL UN Equity,WELL
TMX UN Equity,TMX
MS UN Equity,MS
DRS UN Equity,DRS
OMF UN Equity,OMF
DVA UN Equity,DVA
CE UN Equity,CE
PDCO UW Equity,PDCO
ROVI UW Equity,ROVI
OLLI UQ Equity,OLLI
TDOC UN Equity,TDOC
FHI UN Equity,FHI
ACC UN Equity,ACC
ARRS UW Equity,ARRS
LW UN Equity,LW
AVGO UW Equity,AVGO
RGA UN Equity,RGA
MSCC UW Equity,MSCC
CXO UN Equity,CXO
OUT UN Equity,OUT
EL UN Equity,EL
LULU UW Equity,LULU
CUBE UN Equity,CUBE
APPX UW Equity,APPX
1396924D UW Equity,1396924D
9876588D UW Equity,9876588D
VMW UN Equity,VMW
ANAT UW Equity,ANAT
1235274D UN Equity,1235274D
NLOK UW Equity,NLOK
AWK UN Equity,AWK
1518855D US Equity,1518855D
WEX UN Equity,WEX
JBHT UW Equity,JBHT
TER UW Equity,TER
PFG UN Equity,PFG
GM UN Equity,GM
BYD UN Equity,BYD
VIAC UN Equity,VIAC
THS UN Equity,THS
ATI UN Equity,ATI
KMI UN Equity,KMI
LRCX UW Equity,LRCX
AAL UW Equity,AAL
ALV UN Equity,ALV
GLIBA UW Equity,GLIBA
ARW UN Equity,ARW
COF UN Equity,COF
ARBA UW Equity,ARBA
UAA UN Equity,UAA
PNR UN Equity,PNR
ANF UN Equity,ANF
HCA UN Equity,HCA
AMCX UW Equity,AMCX
DGX UN Equity,DGX
PLCM UW Equity,PLCM
ORI UN Equity,ORI
HII UN Equity,HII
CLP UN Equity,CLP
MDRX UW Equity,MDRX
WTM UN Equity,WTM
AMZN UW Equity,AMZN
ACAD UW Equity,ACAD
SIX UN Equity,SIX
RL UN Equity,RL
TDS UN Equity,TDS
LNCR UW Equity,LNCR
MSCI UN Equity,MSCI
FAF UN Equity,FAF
TK UN Equity,TK
VVV UN Equity,VVV
PXD UN Equity,PXD
DNRCQ UN Equity,DNRCQ
TFSL UW Equity,TFSL
VLO UN Equity,VLO
FBHS UN Equity,FBHS
LLL UN Equity,LLL
WTRG UN Equity,WTRG
WU UN Equity,WU
1745597D UW Equity,1745597D
PEGA UW Equity,PEGA
OIS UN Equity,OIS
FTV UN Equity,FTV
HEI/A UN Equity,HEI/A
SLAB UW Equity,SLAB
LAMR UW Equity,LAMR
NOW UN Equity,NOW
UHAL UW Equity,UHAL
OII UN Equity,OII
MCHP UW Equity,MCHP
CBST UW Equity,CBST
JAZZ UW Equity,JAZZ
SIRI UW Equity,SIRI
LFUS UW Equity,LFUS
PLD UN Equity,PLD
AGR UN Equity,AGR
TRH UN Equity,TRH
CHKAQ UN Equity,CHKAQ
WWAV UN Equity,WWAV
WRK UN Equity,WRK
CYT UN Equity,CYT
JBGS UN Equity,JBGS
PB UN Equity,PB
VSH UN Equity,VSH
YUMC UN Equity,YUMC
BRO UN Equity,BRO
TECD UW Equity,TECD
BRCM UW Equity,BRCM
9998865D UN Equity,9998865D
CBOE UF Equity,CBOE
AF UN Equity,AF
OI UN Equity,OI
CPRT UW Equity,CPRT
ADI UW Equity,ADI
HBI UN Equity,HBI
ROK UN Equity,ROK
HRC UN Equity,HRC
LAZ UN Equity,LAZ
RPAI UN Equity,RPAI
GPN UN Equity,GPN
ALL UN Equity,ALL
CC UN Equity,CC
VIAV UW Equity,VIAV
CNQR UW Equity,CNQR
CABO UN Equity,CABO
CNX UN Equity,CNX
SLH UN Equity,SLH
ALR UN Equity,ALR
FEYE UW Equity,FEYE
BTUUQ UN Equity,BTUUQ
MIC UN Equity,MIC
CLWR UW Equity,CLWR
MUSA UN Equity,MUSA
APLE UN Equity,APLE
EBAY UW Equity,EBAY
ANET UN Equity,ANET
LKQ UW Equity,LKQ
LVLT UW Equity,LVLT
AME UN Equity,AME
ADS UN Equity,ADS
GS UN Equity,GS
PRU UN Equity,PRU
PS UW Equity,PS
HAIN UW Equity,HAIN
AKAM UW Equity,AKAM
COMM UW Equity,COMM
1504558D UN Equity,1504558D
WR UN Equity,WR
OLED UW Equity,OLED
RAI UN Equity,RAI
DFODQ UN Equity,DFODQ
COHR UW Equity,COHR
MAN UN Equity,MAN
DVN UN Equity,DVN
MTN UN Equity,MTN
YUM UN Equity,YUM
SNDR UN Equity,SNDR
CAM UN Equity,CAM
NUS UN Equity,NUS
RHT UN Equity,RHT
CLNY UN Equity,CLNY
VRSN UW Equity,VRSN
ISCA UW Equity,ISCA
ALK UN Equity,ALK
PRE UN Equity,PRE
EEFT UW Equity,EEFT
HCBK UW Equity,HCBK
FTO UN Equity,FTO
LYB UN Equity,LYB
USM UA Equity,USM
SRPT UW Equity,SRPT
CLI UN Equity,CLI
COLD UN Equity,COLD
NYX UN Equity,NYX
ABC UN Equity,ABC
MCK UN Equity,MCK
CHH UN Equity,CHH
QRTEA UW Equity,QRTEA
BLK UN Equity,BLK
CKH UN Equity,CKH
IONS UW Equity,IONS
SBGI UW Equity,SBGI
GO UW Equity,GO
TWC UN Equity,TWC
CTXS UW Equity,CTXS
FTDR UW Equity,FTDR
VIRT UW Equity,VIRT
COV UN Equity,COV
ARCC UW Equity,ARCC
FTNT UW Equity,FTNT
CRM UN Equity,CRM
BDN UN Equity,BDN
CI UN Equity,CI
FIVE UW Equity,FIVE
MET UN Equity,MET
MKL UN Equity,MKL
1856613D UN Equity,1856613D
AGP UN Equity,AGP
GCP UN Equity,GCP
SKT UN Equity,SKT
UA UN Equity,UA
GEF UN Equity,GEF
MIDD UW Equity,MIDD
DOX UN Equity,DOX
SWI UN Equity,SWI
WAL UN Equity,WAL
0961514D UN Equity,0961514D
TIE UN Equity,TIE
OHI UN Equity,OHI
SPR UN Equity,SPR
CIT UN Equity,CIT
ACHC UW Equity,ACHC
SVC UN Equity,SVC
CPT UN Equity,CPT
SRE UN Equity,SRE
PPD UW Equity,PPD
EW UN Equity,EW
OC UN Equity,OC
COL UN Equity,COL
ETFC UW Equity,ETFC
TRU UN Equity,TRU
BKNG UW Equity,BKNG
CFX UN Equity,CFX
FFIV UW Equity,FFIV
MA UN Equity,MA
ITT UN Equity,ITT
STE UN Equity,STE
GME UN Equity,GME
AOL UN Equity,AOL
NYT UN Equity,NYT
SLM UW Equity,SLM
LSXMA UW Equity,LSXMA
KMX UN Equity,KMX
USFD UN Equity,USFD
ICE UN Equity,ICE
AYX UN Equity,AYX
DECK UW Equity,DECK
FWONA UW Equity,FWONA
POM UN Equity,POM
0167866D UN Equity,0167866D
FWONK UW Equity,FWONK
HSP UN Equity,HSP
LBRDK UW Equity,LBRDK
ANTM UN Equity,ANTM
AIZ UN Equity,AIZ
LBRDA UW Equity,LBRDA
MORN UW Equity,MORN
UDR UN Equity,UDR
JNPR UN Equity,JNPR
THG UN Equity,THG
RIG UN Equity,RIG
O UN Equity,O
GNW UN Equity,GNW
DELL UN Equity,DELL
DTE UN Equity,DTE
TMUS UN Equity,TMUS
1074528D UN Equity,1074528D
NDAQ UW Equity,NDAQ
RF UN Equity,RF
PSD UN Equity,PSD
CNK UN Equity,CNK
MOS UN Equity,MOS
ZTS UN Equity,ZTS
CONE UW Equity,CONE
IM UN Equity,IM
PEN UN Equity,PEN
TNL UN Equity,TNL
1812212D UW Equity,1812212D
TPR UN Equity,TPR
1539941D UN Equity,1539941D
ATML UW Equity,ATML
REG UW Equity,REG
OSK UN Equity,OSK
TEL UN Equity,TEL
SSNC UW Equity,SSNC
AVT UN Equity,AVT
USM UN Equity,USM
HLX UN Equity,HLX
EPAM UN Equity,EPAM
AMP UN Equity,AMP
MSM UN Equity,MSM
EGN UN Equity,EGN
1676829D UW Equity,1676829D
PTC UW Equity,PTC
HHC UN Equity,HHC
OCR UN Equity,OCR
BERY UN Equity,BERY
BR UN Equity,BR
KRC UN Equity,KRC
PRGO UN Equity,PRGO
TOL UN Equity,TOL
MTD UN Equity,MTD
TRGP UN Equity,TRGP
CWTRQ UW Equity,CWTRQ
ENTG UW Equity,ENTG
ENR UN Equity,ENR
LNT UN Equity,LNT
FTI UN Equity,FTI
IGT UN Equity,IGT
MHK UN Equity,MHK
SVC UW Equity,SVC
VHI UN Equity,VHI
SPWR UW Equity,SPWR
BRX UN Equity,BRX
SEIC UW Equity,SEIC
IHS UN Equity,IHS
EXEL UW Equity,EXEL
1841189D UW Equity,1841189D
LO UN Equity,LO
REZI UN Equity,REZI
DBX UW Equity,DBX
VICI UN Equity,VICI
UTIW UW Equity,UTIW
PPS UN Equity,PPS
FLO UN Equity,FLO
LCC UN Equity,LCC
AROPQ UN Equity,AROPQ
LVLT UN Equity,LVLT
CR UN Equity,CR
BOKF UW Equity,BOKF
BFAM UN Equity,BFAM
MCO UN Equity,MCO
IPGP UW Equity,IPGP
SPSNQ UW Equity,SPSNQ
REG UN Equity,REG
1255459D UW Equity,1255459D
AWI UN Equity,AWI
LOPE UW Equity,LOPE
BPOP UW Equity,BPOP
EHC UN Equity,EHC
GOOG UW Equity,GOOG
BKI UN Equity,BKI
TDC UN Equity,TDC
1281118D UN Equity,1281118D
QEP UN Equity,QEP
ETRN UN Equity,ETRN
RYN UN Equity,RYN
AOS UN Equity,AOS
VVC UN Equity,VVC
SBNY UW Equity,SBNY
LDOS UN Equity,LDOS
LPT UN Equity,LPT
0202445Q UN Equity,0202445Q
AET UN Equity,AET
1524867D UN Equity,1524867D
COLM UW Equity,COLM
PBG UN Equity,PBG
PPO UN Equity,PPO
ABBV UN Equity,ABBV
BNI UN Equity,BNI
EXR UN Equity,EXR
V UN Equity,V
8277831Q UN Equity,8277831Q
PENN UW Equity,PENN
DFS UN Equity,DFS
MAR UW Equity,MAR
WYE UN Equity,WYE
MPC UN Equity,MPC
0226226D UN Equity,0226226D
MPWR UW Equity,MPWR
LNT UW Equity,LNT
1654539D UN Equity,1654539D
NTY UN Equity,NTY
DRE UN Equity,DRE
DLM UN Equity,DLM
WPX UN Equity,WPX
BRL UN Equity,BRL
WCG UN Equity,WCG
BKR UN Equity,BKR
DISH UW Equity,DISH
DEI UN Equity,DEI
WWY UN Equity,WWY
3022239Q UN Equity,3022239Q
SPLK UW Equity,SPLK
3423152Q UN Equity,3423152Q
ALLE UN Equity,ALLE
2968900Q UN Equity,2968900Q
CXW UN Equity,CXW
CFC UN Equity,CFC
LGF/A UN Equity,LGF/A
VST UN Equity,VST
AMTD UW Equity,AMTD
ATUS UN Equity,ATUS
1806854D UN Equity,1806854D
VIAC UW Equity,VIAC
EXAS UR Equity,EXAS
CLR UN Equity,CLR
DG UN Equity,DG
NSR UN Equity,NSR
1288453D UW Equity,1288453D
XEL UN Equity,XEL
CY UN Equity,CY
URI UN Equity,URI
1850925D UW Equity,1850925D
ESTC UN Equity,ESTC
EPC UN Equity,EPC
MRVL UW Equity,MRVL
SOA UN Equity,SOA
1431816D UW Equity,1431816D
TRW UN Equity,TRW
EPR UN Equity,EPR
LOGM UW Equity,LOGM
LVS UN Equity,LVS
MWV UN Equity,MWV
1023761D UN Equity,1023761D
RP UW Equity,RP
STRZA UW Equity,STRZA
CRRTQ UN Equity,CRRTQ
WCRX UW Equity,WCRX
SHLDQ UW Equity,SHLDQ
HTZGQ UN Equity,HTZGQ
XRX UN Equity,XRX
SATS UW Equity,SATS
MANH UW Equity,MANH
DRC UN Equity,DRC
SGEN UW Equity,SGEN
WBMD UW Equity,WBMD
QRVO UW Equity,QRVO
FWLT UW Equity,FWLT
MAR UN Equity,MAR
WPC UN Equity,WPC
SMAR UN Equity,SMAR
PAY UN Equity,PAY
JBLU UW Equity,JBLU
CROX UW Equity,CROX
ANRZQ UN Equity,ANRZQ
PPDI UW Equity,PPDI
BRKR UW Equity,BRKR
WDC UW Equity,WDC
STX UW Equity,STX
LSTR UW Equity,LSTR
CREE UW Equity,CREE
PDE UN Equity,PDE
MJN UN Equity,MJN
AMTD UN Equity,AMTD
DOX UW Equity,DOX
CLGX UN Equity,CLGX
CRI UN Equity,CRI
HSC UN Equity,HSC
ASB UW Equity,ASB
KDP UN Equity,KDP
DPL UN Equity,DPL
1448062D UW Equity,1448062D
CFN UN Equity,CFN
EXPE UW Equity,EXPE
ST UN Equity,ST
CVA UN Equity,CVA
ARMK UN Equity,ARMK
SOGCQ UN Equity,SOGCQ
FCE/A UN Equity,FCE/A
WINMQ UW Equity,WINMQ
VIAB UW Equity,VIAB
SLG UN Equity,SLG
HLT UN Equity,HLT
WSM UN Equity,WSM
TCF UW Equity,TCF
WL UN Equity,WL
MGM UN Equity,MGM
TDS UA Equity,TDS
TRIP UW Equity,TRIP
MDSO UW Equity,MDSO
MNIQQ UN Equity,MNIQQ
URS UN Equity,URS
NBIX UW Equity,NBIX
ALXN UW Equity,ALXN
1290105D UW Equity,1290105D
STRA UW Equity,STRA
GWR UN Equity,GWR
1619058D UN Equity,1619058D
LNG UA Equity,LNG
EV UN Equity,EV
CBCGQ UN Equity,CBCGQ
FOSL UW Equity,FOSL
OSHWQ UR Equity,OSHWQ
SNI UN Equity,SNI
STOR UN Equity,STOR
ACF UN Equity,ACF
HUN UN Equity,HUN
EXC UW Equity,EXC
NAVI UW Equity,NAVI
RDN UN Equity,RDN
CHS UN Equity,CHS
VRTX UW Equity,VRTX
GDDY UN Equity,GDDY
NLY UN Equity,NLY
NLC UN Equity,NLC
HRTH UN Equity,HRTH
CYH UN Equity,CYH
HXL UN Equity,HXL
1816375D UW Equity,1816375D
RHDCQ UN Equity,RHDCQ
TFCF UW Equity,TFCF
UFS UN Equity,UFS
HZNP UW Equity,HZNP
PAS UN Equity,PAS
TWTC UW Equity,TWTC
YELL UW Equity,YELL
UPLMQ UN Equity,UPLMQ
ACIIQ UN Equity,ACIIQ
CEMJQ UN Equity,CEMJQ
PETM UW Equity,PETM
ZAYO UN Equity,ZAYO
ALGN UW Equity,ALGN
CETV UW Equity,CETV
QCOR UW Equity,QCOR
TTD UQ Equity,TTD
MPW UN Equity,MPW
PRAH UW Equity,PRAH
FCNCA UW Equity,FCNCA
GMCR UW Equity,GMCR
1800354D UN Equity,1800354D
STLD UW Equity,STLD
AON UN Equity,AON
AAP UN Equity,AAP
RES UN Equity,RES
SFG UN Equity,SFG
MGI UN Equity,MGI
BKD UN Equity,BKD
CTCM UW Equity,CTCM
IQV UN Equity,IQV
MATX UW Equity,MATX
UAL UN Equity,UAL
SLXP UW Equity,SLXP
PAG UN Equity,PAG
RNR UN Equity,RNR
ESRT UN Equity,ESRT
CBLAQ UN Equity,CBLAQ
DAL UN Equity,DAL
RMBS UW Equity,RMBS
HI UN Equity,HI
1813626D UN Equity,1813626D
SC UN Equity,SC
AZPN UW Equity,AZPN
BGC UN Equity,BGC
GES UN Equity,GES
LVNTA UW Equity,LVNTA
VSM UN Equity,VSM
9999900D UN Equity,9999900D
DRQ UN Equity,DRQ
ESI UN Equity,ESI
HLF UN Equity,HLF
CHSI UW Equity,CHSI
GHL UN Equity,GHL
TGI UN Equity,TGI
AKS UN Equity,AKS
SUNEQ UN Equity,SUNEQ
NVE UN Equity,NVE
CAR UW Equity,CAR
DISCK UW Equity,DISCK
JOY UW Equity,JOY
TIBX UW Equity,TIBX
CEPH UW Equity,CEPH
9999998D UN Equity,9999998D
SAVE UW Equity,SAVE
TSRO UW Equity,TSRO
MDLA UN Equity,MDLA
MI UN Equity,MI
RSHCQ UN Equity,RSHCQ
8394653Q UN Equity,8394653Q
XTO UN Equity,XTO
DKS UN Equity,DKS
CNC UN Equity,CNC
VEEV UN Equity,VEEV
MEE UN Equity,MEE
ENDP UW Equity,ENDP
CTLT UN Equity,CTLT
AMCR UN Equity,AMCR
NOVL UW Equity,NOVL
POST UN Equity,POST
GENZ UW Equity,GENZ
PGEN UN Equity,PGEN
SYF UN Equity,SYF
AJG UN Equity,AJG
AYE UN Equity,AYE
ADNT UN Equity,ADNT
MDP UN Equity,MDP
9995522D UN Equity,9995522D
1640755D UN Equity,1640755D
CDW UW Equity,CDW
ETSY UW Equity,ETSY
KG UN Equity,KG
PTV UN Equity,PTV
BDK UN Equity,BDK
CMP UN Equity,CMP
WTFC UW Equity,WTFC
1810430D UN Equity,1810430D
1779128D UW Equity,1779128D
STR UN Equity,STR
HDS UW Equity,HDS
AVLR UN Equity,AVLR
MU UN Equity,MU
VALPQ UN Equity,VALPQ
KBH UN Equity,KBH
SGP UN Equity,SGP
SIE UN Equity,SIE
DYNIQ UN Equity,DYNIQ
AHL UN Equity,AHL
CACC UW Equity,CACC
LPI UN Equity,LPI
VSAT UW Equity,VSAT
CIEN UW Equity,CIEN
EQIX UW Equity,EQIX
VTOL UN Equity,VTOL
ACM UN Equity,ACM
1752326D US Equity,1752326D
MSGE UN Equity,MSGE
BMC UN Equity,BMC
MFGLQ UN Equity,MFGLQ
APTV UN Equity,APTV
ORCL UN Equity,ORCL
RRD UN Equity,RRD
ROH UN Equity,ROH
WDR UN Equity,WDR
HTS UN Equity,HTS
FDC UN Equity,FDC
CFFN UW Equity,CFFN
MHS UN Equity,MHS
SAGE UQ Equity,SAGE
SITC UN Equity,SITC
TFCFA UN Equity,TFCFA
ASH UN Equity,ASH
OB UN Equity,OB
3286728Q UN Equity,3286728Q
IBKR UW Equity,IBKR
UIS UN Equity,UIS
FNFG UW Equity,FNFG
MNST UW Equity,MNST
MWW UW Equity,MWW
SAVE UN Equity,SAVE
CG UW Equity,CG
TRN UN Equity,TRN
DWA UW Equity,DWA
ASIX UN Equity,ASIX
TEX UN Equity,TEX
DLR UN Equity,DLR
RVBD UW Equity,RVBD
LKSDQ UN Equity,LKSDQ
LEHMQ UN Equity,LEHMQ
OGS UN Equity,OGS
DFIN UN Equity,DFIN
FMCC UN Equity,FMCC
FNMA UN Equity,FNMA
DHC UN Equity,DHC
CNH UN Equity,CNH
CHNG UW Equity,CHNG
SSP UN Equity,SSP
S UN Equity,S
ADPT UW Equity,ADPT
OMX UN Equity,OMX
XLS UN Equity,XLS
SFR UN Equity,SFR
BC UN Equity,BC
CCTYQ UN Equity,CCTYQ
9876549D UN Equity,9876549D
SNV UN Equity,SNV
TIN UN Equity,TIN
CPN UN Equity,CPN
ROC UN Equity,ROC
THI UN Equity,THI
FCS UN Equity,FCS
HGSI UW Equity,HGSI
STAY UN Equity,STAY
1746513D UW Equity,1746513D
1621134D UN Equity,1621134D
VIACA UW Equity,VIACA
SANM UW Equity,SANM
WTI UN Equity,WTI
AEO UN Equity,AEO
HMA UN Equity,HMA
VR UN Equity,VR
1281683D UN Equity,1281683D
PXP UN Equity,PXP
VPG UN Equity,VPG
LPS UN Equity,LPS
LPX UN Equity,LPX
BMRN UQ Equity,BMRN
CAR US Equity,CAR
IPI UN Equity,IPI
NRE UN Equity,NRE
WW UN Equity,WW
RAX UN Equity,RAX
ARIA UW Equity,ARIA
CVD UN Equity,CVD
BEL UN Equity,BEL
MYGN UW Equity,MYGN
NFS UN Equity,NFS
VER UN Equity,VER
UB UN Equity,UB
MIR UN Equity,MIR
HWM UN Equity,HWM
EAS UN Equity,EAS
VSEA UW Equity,VSEA
SSCCQ UW Equity,SSCCQ
IDARQ UN Equity,IDARQ
KCI UN Equity,KCI
SD UN Equity,SD
VRT UN Equity,VRT
FRK UN Equity,FRK
TNB UN Equity,TNB
CAB UN Equity,CAB
DNA UN Equity,DNA
1620366D UN Equity,1620366D
PHLY UW Equity,PHLY
LBTYA UW Equity,LBTYA
CLB UN Equity,CLB
LIN UN Equity,LIN
NMX UN Equity,NMX
NVST UN Equity,NVST
JNC UN Equity,JNC
XMSR UW Equity,XMSR
KWKAQ UN Equity,KWKAQ
SPOT UN Equity,SPOT
CRNC UW Equity,CRNC
1551989D UN Equity,1551989D
JNPR UW Equity,JNPR
ISIL UW Equity,ISIL
PFPT UQ Equity,PFPT
RGC UN Equity,RGC
XEL UW Equity,XEL
GYI UN Equity,GYI
MTW UN Equity,MTW
FI UN Equity,FI
ALSN UN Equity,ALSN
MRCY UW Equity,MRCY
9895616Q UN Equity,9895616Q
RAMP UW Equity,RAMP
PCXCQ UN Equity,PCXCQ
INVH UN Equity,INVH
KKR UN Equity,KKR
UBER UN Equity,UBER
DADE UW Equity,DADE
AROC UN Equity,AROC
AAMRQ UN Equity,AAMRQ
ASB UN Equity,ASB
EQH UN Equity,EQH
ULTA UW Equity,ULTA
VAC UN Equity,VAC
HEW UN Equity,HEW
GPORQ UW Equity,GPORQ
ACI UN Equity,ACI
MATX UN Equity,MATX
1626714D UN Equity,1626714D
1814457D UN Equity,1814457D
HOLX UW Equity,HOLX
BLUE UW Equity,BLUE
TDG UN Equity,TDG
BPYU UW Equity,BPYU
CME UN Equity,CME
BMR UN Equity,BMR
SIRO UW Equity,SIRO
CFG UN Equity,CFG
1702253D UN Equity,1702253D
PDM UN Equity,PDM
CEIX UN Equity,CEIX
AMD UW Equity,AMD
XCOOQ UN Equity,XCOOQ
CENX UW Equity,CENX
AWHHF UN Equity,AWHHF
IR UN Equity,IR
EVBG UQ Equity,EVBG
LNKD UN Equity,LNKD
AMD UR Equity,AMD
CBI UN Equity,CBI
NBL UW Equity,NBL
G UN Equity,G
LPNT UW Equity,LPNT
WCC UN Equity,WCC
UAL UW Equity,UAL
AGIO UW Equity,AGIO
RX UN Equity,RX
APKT UW Equity,APKT
HME UN Equity,HME
GPK UN Equity,GPK
PPMIQ UN Equity,PPMIQ
SPCE UN Equity,SPCE
CEB UW Equity,CEB
1519128D UW Equity,1519128D
UI UN Equity,UI
BIGC UQ Equity,BIGC
JAVA UW Equity,JAVA
TLAB UW Equity,TLAB
GOCO UW Equity,GOCO
RAH UN Equity,RAH
ALLY UN Equity,ALLY
CAVM UW Equity,CAVM
XLRN UQ Equity,XLRN
JNS UN Equity,JNS
PCTY UW Equity,PCTY
3406956Q UN Equity,3406956Q
MBI UN Equity,MBI
JHG UN Equity,JHG
1324741D UW Equity,1324741D
3517233Q UN Equity,3517233Q
TXN UN Equity,TXN
BRCD UW Equity,BRCD
BOT UN Equity,BOT
MER UN Equity,MER
THE UN Equity,THE
ZS UW Equity,ZS
AZEK UN Equity,AZEK
2674129Q UW Equity,2674129Q
IDMCQ UN Equity,IDMCQ
AGO UN Equity,AGO
OSI UN Equity,OSI
MWW UN Equity,MWW
SBH UN Equity,SBH
LYFT UW Equity,LYFT
FTRCQ UN Equity,FTRCQ
SLM UN Equity,SLM
AFSI UW Equity,AFSI
3393199Q UN Equity,3393199Q
GGP UN Equity,GGP
1811045D UW Equity,1811045D
RKT UN Equity,RKT
VIAB UN Equity,VIAB
9898989D UN Equity,9898989D
TAHO UN Equity,TAHO
CVNA UN Equity,CVNA
0203524D UN Equity,0203524D
KAR UN Equity,KAR
DNOW UN Equity,DNOW
MDRIQ UN Equity,MDRIQ
HAWKQ UW Equity,HAWKQ
ANVGQ UA Equity,ANVGQ
MOH UN Equity,MOH
FIVN UQ Equity,FIVN
1649858D UN Equity,1649858D
FR UN Equity,FR
CLE UN Equity,CLE
AYR UN Equity,AYR
0772031D UN Equity,0772031D
NCR UN Equity,NCR
CMCSK UW Equity,CMCSK
PRDO UW Equity,PRDO
MXIM UW Equity,MXIM
RVI UN Equity,RVI
ME UN Equity,ME
ARE UN Equity,ARE
AKRXQ UW Equity,AKRXQ
HAS US Equity,HAS
GRPN UW Equity,GRPN
NTRI UW Equity,NTRI
CHGG UN Equity,CHGG
PMCS UW Equity,PMCS
TWTR UN Equity,TWTR
CTRX UW Equity,CTRX
FOXA UW Equity,FOXA
ATW UN Equity,ATW
GLNG UW Equity,GLNG
JAMF UW Equity,JAMF
GTI UN Equity,GTI
CVG UN Equity,CVG
QGEN UW Equity,QGEN
MAT US Equity,MAT
EM UN Equity,EM
PF UN Equity,PF
ZNGA UW Equity,ZNGA
DATA UN Equity,DATA
PANW UN Equity,PANW
QLGC UW Equity,QLGC
SOHU UW Equity,SOHU
DBI UN Equity,DBI
OCN UN Equity,OCN
FNF UN Equity,FNF
FSL UN Equity,FSL
CBOE UW Equity,CBOE
KRFT UW Equity,KRFT
SRC UN Equity,SRC
0867887D UN Equity,0867887D
MNKKQ UN Equity,MNKKQ
FANG UW Equity,FANG
CITGQ UN Equity,CITGQ
EGL UN Equity,EGL
W UN Equity,W
INOV UW Equity,INOV
SCHW UW Equity,SCHW
1778214D UW Equity,1778214D
SOV UN Equity,SOV
1255173D UN Equity,1255173D
EVR UN Equity,EVR
WTNY UW Equity,WTNY
DDS UN Equity,DDS
YELP UN Equity,YELP
SNI UW Equity,SNI
NCC UN Equity,NCC
MTG UN Equity,MTG
DST UN Equity,DST
TMHC UN Equity,TMHC
RLGY UN Equity,RLGY
NAV UN Equity,NAV
TSLA UW Equity,TSLA
STAY UW Equity,STAY
4513539Q UW Equity,4513539Q
AW UN Equity,AW
ULTI UW Equity,ULTI
JNY UN Equity,JNY
FDML UQ Equity,FDML
TFM UW Equity,TFM
FOR UN Equity,FOR
WH UN Equity,WH
MYL UN Equity,MYL
HTA UN Equity,HTA
INVA UW Equity,INVA
PINC UW Equity,PINC
BKW UN Equity,BKW
CSGP UW Equity,CSGP
LGF/B UN Equity,LGF/B
CHX UN Equity,CHX
DXC UN Equity,DXC
5656565D UN Equity,5656565D
1817382D UN Equity,1817382D
2942331Q UN Equity,2942331Q
TEAM UW Equity,TEAM
EVRG UN Equity,EVRG
1520415D UN Equity,1520415D
INTEQ UN Equity,INTEQ
HET UN Equity,HET
TRB UN Equity,TRB
N UN Equity,N
LSXMK UW Equity,LSXMK
DJ UN Equity,DJ
INFO UN Equity,INFO
3692470Q UN Equity,3692470Q
TRCO UN Equity,TRCO
CDEV UR Equity,CDEV
CSX UW Equity,CSX
TEK UN Equity,TEK
LSTZA UW Equity,LSTZA
QCP UN Equity,QCP
1719868D UN Equity,1719868D
BOL UN Equity,BOL
1859004D UW Equity,1859004D
DOCU UW Equity,DOCU
TLCR UW Equity,TLCR
BUCY UW Equity,BUCY
NCLH UW Equity,NCLH
ELAN UN Equity,ELAN
H UN Equity,H
0574018D UN Equity,0574018D
NSM UN Equity,NSM
COTY UN Equity,COTY
2641504Q UN Equity,2641504Q
MRC UN Equity,MRC
VWR UW Equity,VWR
1317355D UN Equity,1317355D
STAR UN Equity,STAR
WDAY UN Equity,WDAY
8206908Q UW Equity,8206908Q
KSE UN Equity,KSE
1655912D UN Equity,1655912D
Z UW Equity,Z
0964591D UW Equity,0964591D
3403545Q UN Equity,3403545Q
KATE UN Equity,KATE
MEL UN Equity,MEL
MEDI UW Equity,MEDI
EDMCQ US Equity,EDMCQ
3362726Q UN Equity,3362726Q
JUNO UW Equity,JUNO
CNDT UN Equity,CNDT
1528159D UN Equity,1528159D
WEN UN Equity,WEN
1293405D UN Equity,1293405D
CMX UN Equity,CMX
HEI UN Equity,HEI
OKTA UW Equity,OKTA
SPB UN Equity,SPB
FCN UN Equity,FCN
1704453D UN Equity,1704453D
1812209D UW Equity,1812209D
2307532Q UW Equity,2307532Q
ACL UN Equity,ACL
EOP UN Equity,EOP
DDD UN Equity,DDD
SQ UN Equity,SQ
2987536Q UN Equity,2987536Q
CEDCQ UW Equity,CEDCQ
CXP UN Equity,CXP
NXL UN Equity,NXL
MV UN Equity,MV
DWA UN Equity,DWA
SEAS UN Equity,SEAS
CST UN Equity,CST
OSIP UW Equity,OSIP
ALEX UN Equity,ALEX
GNA UN Equity,GNA
ATHN UW Equity,ATHN
TUP UN Equity,TUP
LBTYK UW Equity,LBTYK
THMRQ UN Equity,THMRQ
UNIT UW Equity,UNIT
EVHC UN Equity,EVHC
BKFS UN Equity,BKFS
PSTG UN Equity,PSTG
MVL UN Equity,MVL
CARR UN Equity,CARR
OTIS UN Equity,OTIS
TNDM UQ Equity,TNDM
DHC UW Equity,DHC
HRI UN Equity,HRI
COUP UW Equity,COUP
1850242D UN Equity,1850242D
ORH UN Equity,ORH
HEROQ UW Equity,HEROQ
TXG UW Equity,TXG
EAF UN Equity,EAF
ARNC UN Equity,ARNC
ENPH UQ Equity,ENPH
CCP UN Equity,CCP
NEWCQ UN Equity,NEWCQ
BILL UN Equity,BILL
ZU UW Equity,ZU
KLXI UW Equity,KLXI
SYNH UW Equity,SYNH
TMUS UW Equity,TMUS
MIK UW Equity,MIK
STNE UW Equity,STNE
GPRO UW Equity,GPRO
AR UN Equity,AR
RVBD UQ Equity,RVBD
JBT UN Equity,JBT
HSNI UW Equity,HSNI
SEDG UW Equity,SEDG
REYN UW Equity,REYN
AONEQ UQ Equity,AONEQ
DNDNQ UQ Equity,DNDNQ
1745597D UQ Equity,1745597D
BIVV UW Equity,BIVV
LITE UW Equity,LITE
SYA UN Equity,SYA
SAIC UN Equity,SAIC
UI UW Equity,UI
NEWR UN Equity,NEWR
3527578Q UN Equity,3527578Q
NVR UA Equity,NVR
TSFG UW Equity,TSFG
OPK UN Equity,OPK
KDP UW Equity,KDP
PNY UN Equity,PNY
2279928Q UN Equity,2279928Q
HGSI UQ Equity,HGSI
3449016Q UN Equity,3449016Q
FLOW UN Equity,FLOW
PTHN UN Equity,PTHN
LMND UN Equity,LMND
NHP UN Equity,NHP
2758954Q US Equity,2758954Q
SSYS UW Equity,SSYS
WFTIQ UN Equity,WFTIQ
GBT UW Equity,GBT
FSLR UQ Equity,FSLR
AEO UW Equity,AEO
CRCQQ UN Equity,CRCQQ
OSH UN Equity,OSH
BZH UN Equity,BZH
1288453D UR Equity,1288453D
ADP UN Equity,ADP
STX UN Equity,STX
GTXMQ UN Equity,GTXMQ
1566019D UN Equity,1566019D
LC UN Equity,LC
STL UN Equity,STL
IAC UW Equity,IAC
SCS UN Equity,SCS
MTCH UW Equity,MTCH
BXLT UN Equity,BXLT
JCG UN Equity,JCG
FCS UW Equity,FCS
BLD UN Equity,BLD
PLAN UN Equity,PLAN
WAC-W UA Equity,WAC-W
TERP UW Equity,TERP
IBKR VF Equity,IBKR
IMMU UQ Equity,IMMU
PCYC UW Equity,PCYC
BW UN Equity,BW
AVTR UN Equity,AVTR
FSLY UN Equity,FSLY
AMED UW Equity,AMED
VRM UW Equity,VRM
NMBL UN Equity,NMBL
1642309D UW Equity,1642309D
ONXX UW Equity,ONXX
PTON UW Equity,PTON
RGEN UW Equity,RGEN
LMDIA UW Equity,LMDIA
RPRX UW Equity,RPRX
8215820Q UN Equity,8215820Q
AQNT UW Equity,AQNT
AEP UW Equity,AEP
RYAM UN Equity,RYAM
ADT UN Equity,ADT
ATHR UW Equity,ATHR
INFO UW Equity,INFO
PD UN Equity,PD
EMS UN Equity,EMS
ACAS UW Equity,ACAS
8251545Q UW Equity,8251545Q
LVGO UW Equity,LVGO
0882814D UN Equity,0882814D
DT UN Equity,DT
NRF UN Equity,NRF
KEGXQ UN Equity,KEGXQ
VSTO UN Equity,VSTO
TREX UN Equity,TREX
ALXN UQ Equity,ALXN
WINMQ UN Equity,WINMQ
AVT UW Equity,AVT
9995522D UW Equity,9995522D
DLPH UN Equity,DLPH
GLOB UN Equity,GLOB
1702253D UW Equity,1702253D
FEIC UW Equity,FEIC
APA UW Equity,APA
DNDNQ UW Equity,DNDNQ
APO UN Equity,APO
DNB UN Equity,DNB
MDVN UQ Equity,MDVN
FCPT UN Equity,FCPT
KN UN Equity,KN
BGCP UW Equity,BGCP
NCNO UW Equity,NCNO
QSR UN Equity,QSR
WAMUQ UN Equity,WAMUQ
QDEL UW Equity,QDEL
PBYI UN Equity,PBYI
FNFV UN Equity,FNFV
TMST UN Equity,TMST
SSEIQ UN Equity,SSEIQ
ABKFQ UN Equity,ABKFQ
WPG UN Equity,WPG
CA UN Equity,CA
1541931D UQ Equity,1541931D
1396926D UW Equity,1396926D
EQY UN Equity,EQY
WWE UN Equity,WWE
1448062D UN Equity,1448062D
AMSG UW Equity,AMSG
UE UN Equity,UE
IOVA UQ Equity,IOVA
3414924Q US Equity,3414924Q
1664784D UW Equity,1664784D
0910150D US Equity,0910150D
TXU US Equity,TXU
GH UW Equity,GH
NET UN Equity,NET
RETA UQ Equity,RETA
4621824Q UN Equity,4621824Q
SHOS UR Equity,SHOS
AQB UR Equity,AQB
BEXP UW Equity,BEXP
ZEN UN Equity,ZEN
SPWR UQ Equity,SPWR
LTRPA UW Equity,LTRPA
WDAY UW Equity,WDAY
CMVT UQ Equity,CMVT
BLS US Equity,BLS
0118185D UN Equity,0118185D
LYO UN Equity,LYO
3017264Q UN Equity,3017264Q
1041267D UN Equity,1041267D
0860320D UN Equity,0860320D
RTN US Equity,RTN
GFGFQ UN Equity,GFGFQ
DFT UN Equity,DFT
TREE UQ Equity,TREE
3437127Q UW Equity,3437127Q
1552309D UW Equity,1552309D
BEAS UW Equity,BEAS
3353984Q UN Equity,3353984Q
0536271D UN Equity,0536271D
ASCMA UQ Equity,ASCMA
CKFR UW Equity,CKFR
NVCR UW Equity,NVCR
2914808Q UN Equity,2914808Q
PINS UN Equity,PINS
3122066Q UW Equity,3122066Q
CDWC UW Equity,CDWC
IFIN UW Equity,IFIN
ZM UW Equity,ZM
PCYC UR Equity,PCYC
GMED UN Equity,GMED
VEC UN Equity,VEC
ARES UN Equity,ARES
RMK UN Equity,RMK
AXON UW Equity,AXON
SAM UN Equity,SAM
CSC US Equity,CSC
4134807Q UN Equity,4134807Q
VRTV UN Equity,VRTV
TW UW Equity,TW
RCPT UW Equity,RCPT
DECK UN Equity,DECK
MSGN UN Equity,MSGN
VER UW Equity,VER
